feature,importance_mean,importance_std
ca,0.046319444444444476,0.011078728854191335
thal,0.03763888888888893,0.014996784634804736
cp,0.03520833333333339,0.01591641821601707
thalach,0.017222222222222243,0.01651785416368722
oldpeak,0.01715277777777783,0.014428911252699279
chol,0.015694444444444483,0.004587540156920471
trestbps,0.014305555555555604,0.004951539852771076
restecg,0.01152777777777782,0.004608516673065864
sex,0.010763888888888929,0.010676165836821242
exang,0.008750000000000053,0.007297947030788695
age,0.003888888888888925,0.003124228299778337
fbs,0.0013888888888889007,0.0030110393595387296
slope,-0.0007638888888888473,0.008995401345708292
