feature,mean_abs_shap
ca_0,0.3241579504846523
cp_3,0.3165963381088994
oldpeak,0.29690752419642275
thalach,0.27585529643951295
thal_1,0.2260534627248923
thal_3,0.21131005752497597
sex_0,0.18560412694776462
sex_1,0.18558027130256355
slope_1,0.1689911958681281
trestbps,0.1370847179297156
slope_0,0.12806134060498373
exang_0,0.1196148762925766
exang_1,0.11959140854404529
chol,0.1091114743086856
cp_2,0.09291834497354008
ca_1,0.07443840098258418
age,0.058808551514849004
restecg_0,0.04822206914246804
ca_2,0.04742620322912735
cp_1,0.04083286181616016
restecg_2,0.03928352865740454
ca_3,0.03507055633740149
fbs_1,0.025067933032179978
fbs_0,0.02505292143105346
cp_0,0.024477370725395887
slope_2,0.01076164939928506
thal_2,0.0007930965718613572
restecg_1,0.0003376962033795202
